variant,m,n,median,min,max,log2_median,median_seconds,median_prop_passes,exhausted_or_timeout
a_baseline_first,6,9,23,4,41,4.523561956057013,0.0003,74,0
a_baseline_first,7,9,32,7,104,5.0,0.0003,113,0
a_baseline_first,8,9,224,27,500,7.807354922057604,0.0029,962,0
a_baseline_first,9,9,301,95,1059,8.233619676759702,0.0079,1504,0
a_baseline_first,10,9,1970,121,5658,10.943979914343739,0.0461,10779,0
a_baseline_first,11,9,4950,628,19130,12.273212809854334,0.121,28581,0
a_baseline_first,12,9,22645,3340,67893,14.466904918937473,0.5762,143073,0
a_baseline_first,13,9,113733,22640,350378,16.795291392068357,3.182,781434,0
a_baseline_first,14,5,401048,111109,678900,18.61341539245789,14.0753,2906064,0
a_baseline_first,15,5,1162498,229276,3000001,20.148796803486725,43.7977,8796836,1
a_baseline_first,16,5,2437521,1583022,3000001,21.21698321750554,79.8216,19985386,2
b1_mcf_lookahead,6,9,8,4,23,3.0,0.0004,183,0
b1_mcf_lookahead,7,9,17,5,47,4.087462841250339,0.001,509,0
b1_mcf_lookahead,8,9,41,4,96,5.357552004618084,0.0029,1242,0
b1_mcf_lookahead,9,9,43,32,215,5.426264754702098,0.0053,1771,0
b1_mcf_lookahead,10,9,97,30,549,6.599912842187128,0.017,4396,0
b1_mcf_lookahead,11,9,213,69,603,7.734709620225838,0.0415,9407,0
b1_mcf_lookahead,12,9,238,44,1460,7.894817763307944,0.0593,11926,0
b1_mcf_lookahead,13,9,1154,316,2574,10.172427508645482,0.2504,61178,0
b1_mcf_lookahead,14,9,4226,862,10967,12.04507705193494,1.4963,249364,0
b1_mcf_lookahead,15,9,10592,74,20676,13.370687406807217,4.0103,722360,0
b1_mcf_lookahead,16,5,15760,938,35037,13.943979914343739,5.7619,1099233,0
b1_mcf_lookahead,17,5,74431,14535,234934,16.18361599861729,34.4592,5762286,0
b1_mcf_lookahead,18,5,97881,22528,197541,16.578741220317703,42.9368,8474756,0
b2_chains,6,9,13,4,23,3.700439718141092,0.0002,48,0
b2_chains,7,9,20,4,40,4.321928094887363,0.0002,81,0
b2_chains,8,9,40,5,116,5.321928094887363,0.0008,202,0
b2_chains,9,9,70,11,253,6.129283016944966,0.0014,377,0
b2_chains,10,9,222,28,689,7.794415866350106,0.0063,1358,0
b2_chains,11,9,358,105,1391,8.483815777264256,0.0163,2351,0
b2_chains,12,9,757,48,2228,9.564149489985732,0.0279,5295,0
b2_chains,13,9,3213,590,7181,11.649705265471413,0.1486,23563,0
b2_chains,14,9,9512,958,25960,13.215532999745657,0.4897,75943,0
b2_chains,15,9,19907,488,44032,14.280988201751555,0.7779,171101,0
b2_chains,16,9,44188,12282,98925,15.431367014075487,1.8887,397339,0
b2_chains,17,5,215371,72474,567629,17.716464476534153,11.7623,2020763,0
b2_chains,18,5,208392,160722,667141,17.66894036922281,12.6447,2034758,0
c_chains_ctype,6,5,6,4,23,2.584962500721156,0.0001,16,0
c_chains_ctype,7,5,16,4,31,4.0,0.0002,66,0
c_chains_ctype,8,5,16,5,62,4.0,0.0003,67,0
c_chains_ctype,9,5,77,11,253,6.266786540694901,0.0015,418,0
c_chains_ctype,10,5,282,28,689,8.139551352398794,0.0065,1693,0
c_chains_ctype,11,5,551,271,1391,9.105908508571158,0.0137,3565,0
c_chains_ctype,12,5,1443,48,2228,10.494855584491198,0.0407,10005,0
c_chains_ctype,13,5,1194,590,5044,10.221587121264806,0.0384,8776,0
c_first_ctype,6,5,10,4,36,3.321928094887362,0.0004,28,0
c_first_ctype,7,5,27,20,82,4.754887502163468,0.001,101,0
c_first_ctype,8,5,75,27,245,6.22881869049588,0.0034,322,0
c_first_ctype,9,5,473,95,1059,8.885696373339394,0.0082,2230,0
c_first_ctype,10,5,3413,121,5658,11.736824699098866,0.0914,18122,0
c_first_ctype,11,5,4950,2155,19130,12.273212809854334,0.1682,28581,0
c_first_ctype,12,5,24720,4086,32946,14.593391122791736,0.6963,154522,0
c_first_ctype,13,5,33114,22640,139232,15.015153670912852,0.8625,221648,0
d_conjugated_cuberoot,3,3,15,15,120,3.9068905956085187,0.0005698340246453881,,0
d_conjugated_cuberoot,4,3,1260,1260,3360,10.29920801838728,0.025106791988946497,,0
d_conjugated_cuberoot,5,3,56700,945,362880,15.791061114716953,2.197828500007745,,0
d_conjugated_cuberoot,6,1,6652800,6652800,6652800,22.665530232633095,,,0
e_z3_onehot,5,3,0.004044500004965812,0.0027632080018520355,0.005780500010587275,-7.949822921918267,0.004044500004965812,,0
e_z3_onehot,6,3,0.004631541029084474,0.003929916012566537,0.004639749997295439,-7.754291990719951,0.004631541029084474,,0
e_z3_onehot,7,3,0.0075772920390591025,0.006044832989573479,0.011821083026006818,-7.044101932285966,0.0075772920390591025,,0
e_z3_onehot,8,3,0.013998917012941092,0.013982790987938643,0.01767995796399191,-6.15854096835404,0.013998917012941092,,0
e_z3_onehot,9,3,0.025244749966077507,0.022198792023118585,0.02642054099123925,-5.307872801333474,0.025244749966077507,,0
e_z3_onehot,10,3,0.03650958399521187,0.03009612497407943,0.054144499998074025,-4.775580959552025,0.03650958399521187,,0
e_z3_onehot,11,5,0.1261451670434326,0.06340791599359363,0.3657825420377776,-2.986843160995171,0.1261451670434326,,0
e_z3_onehot,12,5,0.6913818329921924,0.18673158303136006,0.813267250021454,-0.5324453995838595,0.6913818329921924,,0
e_z3_onehot,13,5,0.33162704203277826,0.2437768749659881,1.644536500039976,-1.592366440840501,0.33162704203277826,,0
e_z3_onehot,14,5,2.2055560409789905,0.47639704099856317,4.778846542001702,1.141142418337774,2.2055560409789905,,0
e_z3_onehot,15,5,3.1687283330247737,0.6535774169606157,73.9810540000326,1.6639039773602922,3.1687283330247737,,0
e_z3_onehot,16,5,42.67825725005241,15.86556558398297,81.86177741701249,5.415429360364589,42.67825725005241,,0
e_z3_onehot,17,5,48.753575832990464,8.467266459017992,276.97970779100433,5.607436132156384,48.753575832990464,,0
f_reference_solve_round,6,9,18,4,55,4.169925001442312,0.00010858301538974047,,0
f_reference_solve_round,7,9,70,24,125,6.129283016944966,0.0005584169994108379,,0
f_reference_solve_round,8,9,145,82,287,7.1799090900149345,0.001533708011265844,,0
f_reference_solve_round,9,9,347,5,800,8.43879185257826,0.0037339580012485385,,0
f_reference_solve_round,10,9,1548,523,6636,10.59618975614441,0.03278187499381602,,0
f_reference_solve_round,11,9,7021,262,30351,12.777460812669785,0.16436820896342397,,0
f_reference_solve_round,12,9,28272,297,55113,14.787086324551616,0.5611586670274846,,0
f_reference_solve_round,13,9,60927,8662,227991,15.894794084426636,1.2859269159962423,,0
f_reference_solve_round,14,5,258139,114623,1318315,17.97778859671362,6.91493145795539,,0
f_reference_solve_round,15,5,727941,200022,2684229,19.47346199840915,22.31862870900659,,0
